Workbook

Sheet Sheet1
J1: =SUBTOTAL(9,J3:J8721) -> 794399.94 | K1: 651338.81
A2: Материал | B2: Качество | C2: Название материала | D2: Бердо | E2: Плотность по утку | F2: Склад | G2: Завод | H2: Вид движения | I2: Партия | J2: Количество | K2: Базовая ЕИ | L2: Дата проводки | M2: Время ввода | N2: Имя пользователя | O2: Описание палитры | P2: Вес план | Q2: Вес факт | R2: Заказ | S2: Номер линии | T2: Номер станка
A3: AH3203_CT13_021 | B3: =LEFT(A3,2) -> AH | C3: ALADDIN NEW 3203 CT13 250X350 R | D3: =VLOOKUP(B3,[1]ТКАЦКИЙ!$A:$G,7,0)/10 -> 32 | E3: =VLOOKUP(B3,[1]ТКАЦКИЙ!$A:$E,5,0) -> 400 | F3: 7510 | G3: XIVA | H3: 101 | I3: 52825 | J3: 70 | K3: М2 | L3: 45960 | M3: 0.018865741 | N3: STOREKEEPER3 | O3: ALADDIN NEW | P3: 13.78 | Q3: 0 | R3: 100001278143 | S3: 22 | T3: ="T"&S3 -> T22
A4: AH3203_CT13_022 | B4: =LEFT(A4,2) -> AH | C4: ALADDIN NEW 3203 CT13 250X400 R | D4: =VLOOKUP(B4,[1]ТКАЦКИЙ!$A:$G,7,0)/10 -> 32 | E4: =VLOOKUP(B4,[1]ТКАЦКИЙ!$A:$E,5,0) -> 400 | F4: 7510 | G4: XIVA | H4: 101 | I4: 52825 | J4: 60 | K4: М2 | L4: 45960 | M4: 0.019050926 | N4: STOREKEEPER3 | O4: ALADDIN NEW | P4: 15.75 | Q4: 0 | R4: 100001278144 | S4: 22 | T4: ="T"&S4 -> T22
A5: AH3203_CT13_024 | B5: =LEFT(A5,2) -> AH | C5: ALADDIN NEW 3203 CT13 250X500 R | D5: =VLOOKUP(B5,[1]ТКАЦКИЙ!$A:$G,7,0)/10 -> 32 | E5: =VLOOKUP(B5,[1]ТКАЦКИЙ!$A:$E,5,0) -> 400 | F5: 7510 | G5: XIVA | H5: 101 | I5: 52825 | J5: 25 | K5: М2 | L5: 45960 | M5: 0.019201389 | N5: STOREKEEPER3 | O5: ALADDIN NEW | P5: 19.69 | Q5: 0 | R5: 100001278145 | S5: 22 | T5: ="T"&S5 -> T22
A6: AH3203_CT13_028 | B6: =LEFT(A6,2) -> AH | C6: ALADDIN NEW 3203 CT13 200X300 R | D6: =VLOOKUP(B6,[1]ТКАЦКИЙ!$A:$G,7,0)/10 -> 32 | E6: =VLOOKUP(B6,[1]ТКАЦКИЙ!$A:$E,5,0) -> 400 | F6: 7510 | G6: XIVA | H6: 101 | I6: 52823 | J6: 48 | K6: М2 | L6: 45960 | M6: 0.018831019 | N6: STOREKEEPER3 | O6: ALADDIN NEW | P6: 9.45 | Q6: 0 | R6: 100001278120 | S6: 22 | T6: ="T"&S6 -> T22
A7: AH3203_CT13_030 | B7: =LEFT(A7,2) -> AH | C7: ALADDIN NEW 3203 CT13 200X400 R | D7: =VLOOKUP(B7,[1]ТКАЦКИЙ!$A:$G,7,0)/10 -> 32 | E7: =VLOOKUP(B7,[1]ТКАЦКИЙ!$A:$E,5,0) -> 400 | F7: 7510 | G7: XIVA | H7: 101 | I7: 52823 | J7: 16 | K7: М2 | L7: 45960 | M7: 0.019016204 | N7: STOREKEEPER3 | O7: ALADDIN NEW | P7: 12.6 | Q7: 0 | R7: 100001278121 | S7: 22 | T7: ="T"&S7 -> T22
A8: AH3203_CT13_034 | B8: =LEFT(A8,2) -> AH | C8: ALADDIN NEW 3203 CT13 150X230 R | D8: =VLOOKUP(B8,[1]ТКАЦКИЙ!$A:$G,7,0)/10 -> 32 | E8: =VLOOKUP(B8,[1]ТКАЦКИЙ!$A:$E,5,0) -> 400 | F8: 7510 | G8: XIVA | H8: 101 | I8: 52823 | J8: 20.7 | K8: М2 | L8: 45960 | M8: 0.019340278 | N8: STOREKEEPER3 | O8: ALADDIN NEW | P8: 5.43 | Q8: 0 | R8: 100001278123 | S8: 22 | T8: ="T"&S8 -> T22
A9: AH3203_CT23_008 | B9: =LEFT(A9,2) -> AH | C9: ALADDIN NEW 3203 CT23 350X400 R | D9: =VLOOKUP(B9,[1]ТКАЦКИЙ!$A:$G,7,0)/10 -> 32 | E9: =VLOOKUP(B9,[1]ТКАЦКИЙ!$A:$E,5,0) -> 400 | F9: 7510 | G9: XIVA | H9: 101 | I9: 52617 | J9: 28 | K9: М2 | L9: 45955 | M9: 0.19607639 | N9: STOREKEEPER3 | O9: ALADDIN NEW | P9: 22.05 | Q9: 0 | R9: 100001276465 | S9: 22 | T9: ="T"&S9 -> T22
A10: AH3203_CT23_009 | B10: =LEFT(A10,2) -> AH | C10: ALADDIN NEW 3203 CT23 350X500 R | D10: =VLOOKUP(B10,[1]ТКАЦКИЙ!$A:$G,7,0)/10 -> 32 | E10: =VLOOKUP(B10,[1]ТКАЦКИЙ!$A:$E,5,0) -> 400 | F10: 7510 | G10: XIVA | H10: 101 | I10: 52617 | J10: 35 | K10: М2 | L10: 45955 | M10: 0.19626157 | N10: STOREKEEPER3 | O10: ALADDIN NEW | P10: 27.57 | Q10: 0 | R10: 100001276466 | S10: 22 | T10: ="T"&S10 -> T22
A11: AH3203_CT23_010 | B11: =LEFT(A11,2) -> AH | C11: ALADDIN NEW 3203 CT23 350X600 R | D11: =VLOOKUP(B11,[1]ТКАЦКИЙ!$A:$G,7,0)/10 -> 32 | E11: =VLOOKUP(B11,[1]ТКАЦКИЙ!$A:$E,5,0) -> 400 | F11: 7510 | G11: XIVA | H11: 101 | I11: 52617 | J11: 42 | K11: М2 | L11: 45955 | M11: 0.19643519 | N11: STOREKEEPER3 | O11: ALADDIN NEW | P11: 33.08 | Q11: 0 | R11: 100001276467 | S11: 22 | T11: ="T"&S11 -> T22
A12: AH3203_CT23_011 | B12: =LEFT(A12,2) -> AH | C12: ALADDIN NEW 3203 CT23 350X700 R | D12: =VLOOKUP(B12,[1]ТКАЦКИЙ!$A:$G,7,0)/10 -> 32 | E12: =VLOOKUP(B12,[1]ТКАЦКИЙ!$A:$E,5,0) -> 400 | F12: 7510 | G12: XIVA | H12: 101 | I12: 52617 | J12: 49 | K12: М2 | L12: 45955 | M12: 0.1966088 | N12: STOREKEEPER3 | O12: ALADDIN NEW | P12: 38.59 | Q12: 0 | R12: 100001276468 | S12: 22 | T12: ="T"&S12 -> T22
A13: AH3203_CT23_012 | B13: =LEFT(A13,2) -> AH | C13: ALADDIN NEW 3203 CT23 350X800 R | D13: =VLOOKUP(B13,[1]ТКАЦКИЙ!$A:$G,7,0)/10 -> 32 | E13: =VLOOKUP(B13,[1]ТКАЦКИЙ!$A:$E,5,0) -> 400 | F13: 7510 | G13: XIVA | H13: 101 | I13: 52617 | J13: 56 | K13: М2 | L13: 45955 | M13: 0.19681713 | N13: STOREKEEPER3 | O13: ALADDIN NEW | P13: 44.11 | Q13: 0 | R13: 100001276469 | S13: 22 | T13: ="T"&S13 -> T22
A14: AH3203_CT23_021 | B14: =LEFT(A14,2) -> AH | C14: ALADDIN NEW 3203 CT23 250X350 R | D14: =VLOOKUP(B14,[1]ТКАЦКИЙ!$A:$G,7,0)/10 -> 32 | E14: =VLOOKUP(B14,[1]ТКАЦКИЙ!$A:$E,5,0) -> 400 | F14: 7510 | G14: XIVA | H14: 101 | I14: 52825 | J14: 70 | K14: М2 | L14: 45960 | M14: 0.019375 | N14: STOREKEEPER3 | O14: ALADDIN NEW | P14: 13.78 | Q14: 0 | R14: 100001278146 | S14: 22 | T14: ="T"&S14 -> T22
... A8721: NM8483_CY53_042 | B8721: =LEFT(A8721,2) -> NM | C8721: PRADA CLASSIC P 8483 CY53 100X400 R | D8721: =VLOOKUP(B8721,[1]ТКАЦКИЙ!$A:$G,7,0)/10 -> 32 | E8721: =VLOOKUP(B8721,[1]ТКАЦКИЙ!$A:$E,5,0) -> 280 | F8721: 7510 | G8721: XIVA | H8721: 101 | I8721: 52011 | J8721: 16 | K8721: М2 | L8721: 45946 | M8721: 0.42791667 | N8721: STOREKEEPER3 | O8721: AZERI | P8721: 4.57 | Q8721: 0 | R8721: 100001271392 | S8721: 18 | T8721: ="T"&S8721 -> T18
